{
    "test_metrics": {
        "accuracy": 0.9793888269934744,
        "precision": 0.9277456647398844,
        "recall": 0.8395815170008718,
        "f1_score": 0.8814645308924486,
        "confusion_matrix": [
            [
                11344,
                75
            ],
            [
                184,
                963
            ]
        ],
        "roc_auc_score": 0.9848656924978505,
        "report_by_label": {
            "Fraud": {
                "precision": 0.9277456647398844,
                "recall": 0.8395815170008718,
                "f1-score": 0.8814645308924486,
                "support": 1147
            },
            "NotFraud": {
                "precision": 0.9840388619014573,
                "recall": 0.9934319992994133,
                "f1-score": 0.9887131215409423,
                "support": 11419
            }
        }
    },
    "validation_metrics": {
        "accuracy": 0.9919697685403873,
        "precision": 0.1004566210045662,
        "recall": 0.7586206896551724,
        "f1_score": 0.17741935483870966,
        "confusion_matrix": [
            [
                25178,
                197
            ],
            [
                7,
                22
            ]
        ],
        "roc_auc_score": 0.9378406658739596,
        "report_by_label": {
            "Fraud": {
                "precision": 0.1004566210045662,
                "recall": 0.7586206896551724,
                "f1-score": 0.17741935483870966,
                "support": 29
            },
            "NotFraud": {
                "precision": 0.9997220567798293,
                "recall": 0.9922364532019704,
                "f1-score": 0.9959651898734176,
                "support": 25375
            }
        }
    }
}