{
    "test_metrics": {
        "accuracy": 0.9867101703008118,
        "precision": 0.9016393442622951,
        "recall": 0.9590235396687009,
        "f1_score": 0.9294465568229826,
        "confusion_matrix": [
            [
                11299,
                120
            ],
            [
                47,
                1100
            ]
        ],
        "roc_auc_score": 0.9922088356234615,
        "report_by_label": {
            "Fraud": {
                "precision": 0.9016393442622951,
                "recall": 0.9590235396687009,
                "f1-score": 0.9294465568229826,
                "support": 1147
            },
            "NotFraud": {
                "precision": 0.9958575709501146,
                "recall": 0.9894911988790612,
                "f1-score": 0.9926641774654075,
                "support": 11419
            }
        }
    },
    "validation_metrics": {
        "accuracy": 0.9901983939537081,
        "precision": 0.07364341085271318,
        "recall": 0.6551724137931034,
        "f1_score": 0.13240418118466898,
        "confusion_matrix": [
            [
                25136,
                239
            ],
            [
                10,
                19
            ]
        ],
        "roc_auc_score": 0.8392607440122303,
        "report_by_label": {
            "Fraud": {
                "precision": 0.07364341085271318,
                "recall": 0.6551724137931034,
                "f1-score": 0.13240418118466898,
                "support": 29
            },
            "NotFraud": {
                "precision": 0.9996023224369681,
                "recall": 0.9905812807881773,
                "f1-score": 0.9950713564656282,
                "support": 25375
            }
        }
    }
}