{
    "test_metrics": {
        "accuracy": 0.9867101703008118,
        "precision": 0.9016393442622951,
        "recall": 0.9590235396687009,
        "f1_score": 0.9294465568229826,
        "confusion_matrix": [
            [
                11299,
                120
            ],
            [
                47,
                1100
            ]
        ],
        "roc_auc_score": 0.9922088356234615,
        "report_by_label": {
            "Fraud": {
                "precision": 0.9016393442622951,
                "recall": 0.9590235396687009,
                "f1-score": 0.9294465568229826,
                "support": 1147
            },
            "NotFraud": {
                "precision": 0.9958575709501146,
                "recall": 0.9894911988790612,
                "f1-score": 0.9926641774654075,
                "support": 11419
            }
        }
    },
    "validation_metrics": {
        "accuracy": 0.9899622106754842,
        "precision": 0.07518796992481203,
        "recall": 0.6896551724137931,
        "f1_score": 0.13559322033898305,
        "confusion_matrix": [
            [
                25129,
                246
            ],
            [
                9,
                20
            ]
        ],
        "roc_auc_score": 0.839461185663326,
        "report_by_label": {
            "Fraud": {
                "precision": 0.07518796992481203,
                "recall": 0.6896551724137931,
                "f1-score": 0.13559322033898305,
                "support": 29
            },
            "NotFraud": {
                "precision": 0.9996419762908744,
                "recall": 0.9903054187192118,
                "f1-score": 0.9949517945875319,
                "support": 25375
            }
        }
    }
}