{
    "test_metrics": {
        "accuracy": 0.9680884927582365,
        "precision": 0.7787742899850523,
        "recall": 0.9084568439407149,
        "f1_score": 0.8386317907444668,
        "confusion_matrix": [
            [
                11123,
                296
            ],
            [
                105,
                1042
            ]
        ],
        "roc_auc_score": 0.9550222701224568,
        "report_by_label": {
            "Fraud": {
                "precision": 0.7787742899850523,
                "recall": 0.9084568439407149,
                "f1-score": 0.8386317907444668,
                "support": 1147
            },
            "NotFraud": {
                "precision": 0.9906483790523691,
                "recall": 0.974078290568351,
                "f1-score": 0.9822934605024949,
                "support": 11419
            }
        }
    },
    "validation_metrics": {
        "accuracy": 0.9740592032750748,
        "precision": 0.03812316715542522,
        "recall": 0.896551724137931,
        "f1_score": 0.07313642756680731,
        "confusion_matrix": [
            [
                24719,
                656
            ],
            [
                3,
                26
            ]
        ],
        "roc_auc_score": 0.9444688296245966,
        "report_by_label": {
            "Fraud": {
                "precision": 0.03812316715542522,
                "recall": 0.896551724137931,
                "f1-score": 0.07313642756680731,
                "support": 29
            },
            "NotFraud": {
                "precision": 0.9998786505946121,
                "recall": 0.9741477832512315,
                "f1-score": 0.986845519691798,
                "support": 25375
            }
        }
    }
}