{
    "test_metrics": {
        "accuracy": 0.9680884927582365,
        "precision": 0.7787742899850523,
        "recall": 0.9084568439407149,
        "f1_score": 0.8386317907444668,
        "confusion_matrix": [
            [
                11123,
                296
            ],
            [
                105,
                1042
            ]
        ],
        "roc_auc_score": 0.9550222701224568,
        "report_by_label": {
            "Fraud": {
                "precision": 0.7787742899850523,
                "recall": 0.9084568439407149,
                "f1-score": 0.8386317907444668,
                "support": 1147
            },
            "NotFraud": {
                "precision": 0.9906483790523691,
                "recall": 0.974078290568351,
                "f1-score": 0.9822934605024949,
                "support": 11419
            }
        },
        "feature_importances": [
            [
                "step",
                0.0
            ],
            [
                "amount",
                0.08
            ],
            [
                "oldbalanceOrg",
                0.29
            ],
            [
                "newbalanceOrig",
                0.3
            ],
            [
                "oldbalanceDest",
                0.01
            ],
            [
                "newbalanceDest",
                0.03
            ],
            [
                "type_CASH_IN",
                0.0
            ],
            [
                "type_CASH_OUT",
                0.0
            ],
            [
                "type_DEBIT",
                0.0
            ],
            [
                "type_PAYMENT",
                0.0
            ],
            [
                "type_TRANSFER",
                0.0
            ]
        ]
    },
    "validation_metrics": {
        "accuracy": 0.9732719256809951,
        "precision": 0.037037037037037035,
        "recall": 0.896551724137931,
        "f1_score": 0.07113543091655267,
        "confusion_matrix": [
            [
                24699,
                676
            ],
            [
                3,
                26
            ]
        ],
        "roc_auc_score": 0.9445177509767283,
        "report_by_label": {
            "Fraud": {
                "precision": 0.037037037037037035,
                "recall": 0.896551724137931,
                "f1-score": 0.07113543091655267,
                "support": 29
            },
            "NotFraud": {
                "precision": 0.9998785523439397,
                "recall": 0.9733596059113301,
                "f1-score": 0.9864408810431935,
                "support": 25375
            }
        },
        "feature_importances": [
            [
                "step",
                0.0
            ],
            [
                "amount",
                0.06
            ],
            [
                "oldbalanceOrg",
                0.26
            ],
            [
                "newbalanceOrig",
                0.29
            ],
            [
                "oldbalanceDest",
                -0.0
            ],
            [
                "newbalanceDest",
                0.03
            ],
            [
                "type_CASH_IN",
                0.0
            ],
            [
                "type_CASH_OUT",
                0.0
            ],
            [
                "type_DEBIT",
                0.0
            ],
            [
                "type_PAYMENT",
                0.0
            ],
            [
                "type_TRANSFER",
                0.0
            ]
        ]
    }
}