{
    "test_metrics": {
        "accuracy": 0.9785134489893363,
        "precision": 0.9792349726775956,
        "recall": 0.7811682650392328,
        "f1_score": 0.8690591658583899,
        "confusion_matrix": [
            [
                11400,
                19
            ],
            [
                251,
                896
            ]
        ],
        "roc_auc_score": 0.9953462441534106,
        "report_by_label": {
            "Fraud": {
                "precision": 0.9792349726775956,
                "recall": 0.7811682650392328,
                "f1-score": 0.8690591658583899,
                "support": 1147
            },
            "NotFraud": {
                "precision": 0.9784567848253369,
                "recall": 0.9983361064891847,
                "f1-score": 0.988296488946684,
                "support": 11419
            }
        }
    },
    "validation_metrics": {
        "accuracy": 0.9982286254133207,
        "precision": 0.35185185185185186,
        "recall": 0.6551724137931034,
        "f1_score": 0.4578313253012048,
        "confusion_matrix": [
            [
                25340,
                35
            ],
            [
                10,
                19
            ]
        ],
        "roc_auc_score": 0.9744813996942416,
        "report_by_label": {
            "Fraud": {
                "precision": 0.35185185185185186,
                "recall": 0.6551724137931034,
                "f1-score": 0.4578313253012048,
                "support": 29
            },
            "NotFraud": {
                "precision": 0.9996055226824457,
                "recall": 0.9986206896551724,
                "f1-score": 0.9991128634795465,
                "support": 25375
            }
        }
    }
}