{
    "test_metrics": {
        "accuracy": 0.9785134489893363,
        "precision": 0.9792349726775956,
        "recall": 0.7811682650392328,
        "f1_score": 0.8690591658583899,
        "confusion_matrix": [
            [
                11400,
                19
            ],
            [
                251,
                896
            ]
        ],
        "roc_auc_score": 0.9953462441534106,
        "report_by_label": {
            "Fraud": {
                "precision": 0.9792349726775956,
                "recall": 0.7811682650392328,
                "f1-score": 0.8690591658583899,
                "support": 1147
            },
            "NotFraud": {
                "precision": 0.9784567848253369,
                "recall": 0.9983361064891847,
                "f1-score": 0.988296488946684,
                "support": 11419
            }
        }
    },
    "validation_metrics": {
        "accuracy": 0.9980318060148008,
        "precision": 0.3220338983050847,
        "recall": 0.6551724137931034,
        "f1_score": 0.43181818181818177,
        "confusion_matrix": [
            [
                25335,
                40
            ],
            [
                10,
                19
            ]
        ],
        "roc_auc_score": 0.975319177849499,
        "report_by_label": {
            "Fraud": {
                "precision": 0.3220338983050847,
                "recall": 0.6551724137931034,
                "f1-score": 0.43181818181818177,
                "support": 29
            },
            "NotFraud": {
                "precision": 0.9996054448609193,
                "recall": 0.998423645320197,
                "f1-score": 0.9990141955835962,
                "support": 25375
            }
        }
    }
}